BROKERREFERENCE,ENTRYNUMBER,IMPORTERNAME,IMPORTERID,LINENUMBER,HTS_NUMBER,HTS_DESCRIPTION,MANUFACTURERNAME,ENTRYDATE,ARRIVALDATE,DATEOFEXPORT,MODEOFTRANSPORT,ENTEREDVALUE,COUNTRYOFORIGIN,ADL1_HTS_NUMBER,ADL2_HTS_NUMBER,ADL3_HTS_NUMBER,ADL4_HTS_NUMBER,ADL5_HTS_NUMBER,ADL6_HTS_NUMBER,ADL7_HTS_NUMBER,ADL1_HTS_DESCRIPTION,ADL2_HTS_DESCRIPTION,ADL3_HTS_DESCRIPTION,ADL4_HTS_DESCRIPTION,ADL5_HTS_DESCRIPTION,ADL6_HTS_DESCRIPTION,ADL7_HTS_DESCRIPTION
2565426,02311601',ROYAL INGREDIENTS GROUP BV,074601-00962,1,99030301,SECTION 122 - 10% DUTY,SANGUAN WONGSE STARCH CO.  LTD.,6/04/2026,6/03/2026,4/12/2026,Vessel Container,68400,TH,3505100092,,,,,,,MOD STARCHES NOT FROM POTA,,,,,,
2615593,02312880',GRASS AMERICA INC,51-066023000,1,99038815,ARTICLE OF CHINA US NTE 20(R),GUANGDONG JUSEN PRECISION TECHNOLOGY CO,6/04/2026,5/27/2026,4/21/2026,Vessel Non-container,52560,CN,99030301,3926305000,,,,,,SECTION 122 - 10% DUTY,PLAST FITTINGS OTHER,,,,,
2615636,02316444',CB MANUFACTURING & SALES CO INC,34-101525000,1,99038803,ARTICLE OF CHINA US NTE 20(F),ZHUZHOU ROCKKING ENGINEERING MACHIN,6/04/2026,6/10/2026,5/04/2026,Vessel Non-container,13065.62,CN,99030301,8208200060,,,,,,SECTION 122 - 10% DUTY,KNV/BLDS WD-CHPPER MACH L>15.2,,,,,
2615646,02316634',FREEMAN MANUFACTURING & SUPPLY INC,34-423771000,1,99030301,SECTION 122 - 10% DUTY,DMG GUSTKE GMBH,6/04/2026,5/31/2026,5/06/2026,Vessel Non-container,5034,DE,8310000000,,,,,,,SIGN PLATES  NAME PLATES  ETC.,,,,,,
2615646,02316634',FREEMAN MANUFACTURING & SUPPLY INC,34-423771000,2,99030301,SECTION 122 - 10% DUTY,DMG GUSTKE GMBH,6/04/2026,5/31/2026,5/06/2026,Vessel Non-container,20336.79,DE,3921135000,,,,,,,OTH POLYURETHANE COMBO'S N,,,,,,
2615646,02316634',FREEMAN MANUFACTURING & SUPPLY INC,34-423771000,3,99030306,S122 EXCL IRN/STL/ALUM DERIV,DMG GUSTKE GMBH,6/04/2026,5/31/2026,5/06/2026,Vessel Non-container,1050,TW,99038202,7318160085,,,,,,ALU  STL  COP DER ALU  DER STL,NUTS IRON OR STEEL THRD OTHER,,,,,
2615646,02316634',FREEMAN MANUFACTURING & SUPPLY INC,34-423771000,4,99030301,SECTION 122 - 10% DUTY,DMG GUSTKE GMBH,6/04/2026,5/31/2026,5/06/2026,Vessel Non-container,350,DE,3926909989,,,,,,,OTH.PLSTIC MAT OTH OTH OTH,,,,,,
2615646,02316634',FREEMAN MANUFACTURING & SUPPLY INC,34-423771000,5,99030301,SECTION 122 - 10% DUTY,DMG GUSTKE GMBH,6/04/2026,5/31/2026,5/06/2026,Vessel Non-container,176,DE,4811413000,,,,,,,GUMMED PAPER OTHER,,,,,,
2615654-1,02316691',CB MANUFACTURING & SALES CO INC,34-101525000,1,99038803,ARTICLE OF CHINA US NTE 20(F),NANJING MILSEN OLTD,6/04/2026,6/10/2026,5/02/2026,Vessel Non-container,15142.32,CN,99030306,99038209,8211930060,,,,,S122 EXCL IRN/STL/ALUM DERIV,COP  DER ALU & STL  NT16(C)(VI,KNIVES OTH  W/OTH THAN FIX BLD,,,,
2615654-2,02316709',CB MANUFACTURING & SALES CO INC,34-101525000,1,99038803,ARTICLE OF CHINA US NTE 20(F),NANJING MILSEN OLTD,6/04/2026,6/10/2026,5/02/2026,Vessel Non-container,3249.22,CN,99030301,8208906000,,,,,,SECTION 122 - 10% DUTY,KNV/CUT BLDS FOR MACH AND PTS,,,,,
2565836,02317608',ROYAL INGREDIENTS GROUP BV,074601-00962,1,99030301,,TAT NISASTA INS SAN TIC AS,6/04/2026,6/05/2026,5/09/2026,Vessel Container,10125,TR,1108120010,,,,,,,CORN (MAIZE) STARCH F/FOOD,,,,,,
4539324,02319976',VAN VAN LLC,92-316874700,1,99030303,S122 -EXCLUSION-EXEMPTED PRDTS,VIET NAM CUONG THINH LIMITED LIABILITY COMPANY,6/04/2026,6/01/2026,6/01/2026,Air Non-container,985,VN,0904110020,,,,,,,BLCK PEPPER NOT CRSHD NOR,,,,,,
4539324,02319976',VAN VAN LLC,92-316874700,2,99030301,SECTION 122 - 10% DUTY,VIET NAM CUONG THINH LIMITED LIABILITY COMPANY,6/04/2026,6/01/2026,6/01/2026,Air Non-container,365.36,VN,0712908580,,,,,,,OTHER; OTHER VEGETABLES,,,,,,
4539324,02319976',VAN VAN LLC,92-316874700,3,99030303,S122 -EXCLUSION-EXEMPTED PRDTS,VIET NAM CUONG THINH LIMITED LIABILITY COMPANY,6/04/2026,6/01/2026,6/01/2026,Air Non-container,320,VN,0904216090,,,,,,,OTHER CAPSICUM FRUITS/UNGR,,,,,,
4539324,02319976',VAN VAN LLC,92-316874700,4,99030301,SECTION 122 - 10% DUTY,VIET NAM CUONG THINH LIMITED LIABILITY COMPANY,6/04/2026,6/01/2026,6/01/2026,Air Non-container,75,VN,0712904040,,,,,,,GARLIC; OTHER,,,,,,
2566048,02319562',EISENMANN OF SOUTH CAROLINA INC,86-240963300,1,99030301,SECTION 122 - 10% DUTY,EISENMANN GMBH,6/04/2026,6/04/2026,5/22/2026,Vessel Container,464085.19,DE,99038201,8424909080,,,,,,DOES NOT CONT ANY ALU  STL CPP,MECH APP FOR PROJ ETC  PTS,,,,,
2565866,02321204',BARLINEK USA CORP,38-411880600,1,99030301,SECTION 122 - 10% DUTY,BARLINEK S.A.,6/04/2026,5/31/2026,5/09/2026,Vessel Container,3712.08,PL,4412523105,,,,,,,OTHER PLYWOOD  WOOD FLOORI,,,,,,
2565866,02321204',BARLINEK USA CORP,38-411880600,1,99030301,SECTION 122 - 10% DUTY,BARLINEK S.A.,6/04/2026,5/31/2026,5/09/2026,Vessel Container,43278.71,PL,4412523105,,,,,,,OTHER PLYWOOD  WOOD FLOORI,,,,,,
2565866,02321204',BARLINEK USA CORP,38-411880600,1,98110060,SAMPLE<=$1EA/UNSUITBL FOR,BARLINEK S.A.,6/04/2026,5/31/2026,5/09/2026,Vessel Container,159.6,PL,,,,,,,,,,,,,,
2565866,02321204',BARLINEK USA CORP,38-411880600,1,99030301,SECTION 122 - 10% DUTY,BARLINEK S.A.,6/04/2026,5/31/2026,5/09/2026,Vessel Container,5388.04,PL,4412523105,,,,,,,OTHER PLYWOOD  WOOD FLOORI,,,,,,
2565866,02321204',BARLINEK USA CORP,38-411880600,1,99030301,SECTION 122 - 10% DUTY,BARLINEK S.A.,6/04/2026,5/31/2026,5/09/2026,Vessel Container,55621.78,PL,4412523105,,,,,,,OTHER PLYWOOD  WOOD FLOORI,,,,,,
2566143,02321212',CNF WHOLESALE LLC,85-384323500,1,99030301,SECTION 122 - 10% DUTY,XINHONGHAI ENVIRONMENTAL PROTECTION TECHNOLOGY CO LTD,6/04/2026,5/30/2026,5/01/2026,Vessel Container,1635.75,CN,3924104000,,,,,,,PLASTIC TABLE/KITCHENWARE,,,,,,
2566143,02321212',CNF WHOLESALE LLC,85-384323500,2,99038803,ARTICLE OF CHINA US NTE 20(F),XINHONGHAI ENVIRONMENTAL PROTECTION TECHNOLOGY CO LTD,6/04/2026,5/30/2026,5/01/2026,Vessel Container,1458,CN,99030301,3923300090,,,,,,SECTION 122 - 10% DUTY,PLASTICS CARBOYS BOTTLES O,,,,,
2566143,02321212',CNF WHOLESALE LLC,85-384323500,3,99038803,ARTICLE OF CHINA US NTE 20(F),XINHONGHAI ENVIRONMENTAL PROTECTION TECHNOLOGY CO LTD,6/04/2026,5/30/2026,5/01/2026,Vessel Container,420,CN,99030301,4015191110,,,,,,SECTION 122 - 10% DUTY,SEAMLESS OTH GLOV MITTENS&,,,,,
2566143,02321212',CNF WHOLESALE LLC,85-384323500,4,99038815,ARTICLE OF CHINA US NTE 20(R),XINHONGHAI ENVIRONMENTAL PROTECTION TECHNOLOGY CO LTD,6/04/2026,5/30/2026,5/01/2026,Vessel Container,1392.75,CN,99030301,3924102000,,,,,,SECTION 122 - 10% DUTY,PLASTIC PLATES  CUPS  SAUC,,,,,
2566143,02321212',CNF WHOLESALE LLC,85-384323500,5,99038803,ARTICLE OF CHINA US NTE 20(F),XINHONGHAI ENVIRONMENTAL PROTECTION TECHNOLOGY CO LTD,6/04/2026,5/30/2026,5/01/2026,Vessel Container,2932.86,CN,99030301,3923500000,,,,,,SECTION 122 - 10% DUTY,PLASTIC STOPPERS  LIDS  CA,,,,,
2566143,02321212',CNF WHOLESALE LLC,85-384323500,6,99038815,ARTICLE OF CHINA US NTE 20(R),XINHONGHAI ENVIRONMENTAL PROTECTION TECHNOLOGY CO LTD,6/04/2026,5/30/2026,5/01/2026,Vessel Container,1147.5,CN,99030301,3924102000,,,,,,SECTION 122 - 10% DUTY,PLASTIC PLATES  CUPS  SAUC,,,,,
2566143,02321212',CNF WHOLESALE LLC,85-384323500,7,99038803,ARTICLE OF CHINA US NTE 20(F),XINHONGHAI ENVIRONMENTAL PROTECTION TECHNOLOGY CO LTD,6/04/2026,5/30/2026,5/01/2026,Vessel Container,1036.8,CN,99030301,4823690020,,,,,,SECTION 122 - 10% DUTY,CUPS & FOOD CONTAINRS OF P,,,,,
2566143,02321212',CNF WHOLESALE LLC,85-384323500,8,99038803,ARTICLE OF CHINA US NTE 20(F),XINHONGHAI ENVIRONMENTAL PROTECTION TECHNOLOGY CO LTD,6/04/2026,5/30/2026,5/01/2026,Vessel Container,3787.2,CN,99030301,4202920807,,,,,,SECTION 122 - 10% DUTY,INSUL FOOD/BEV BAG MAN MD FIBE,,,,,
2566143,02321212',CNF WHOLESALE LLC,85-384323500,9,99038803,ARTICLE OF CHINA US NTE 20(F),XINHONGHAI ENVIRONMENTAL PROTECTION TECHNOLOGY CO LTD,6/04/2026,5/30/2026,5/01/2026,Vessel Container,1189.8,CN,99030301,4823700040,,,,,,SECTION 122 - 10% DUTY,PAPER PULP ART N/T PLT BWL,,,,,
2566143,02321212',CNF WHOLESALE LLC,85-384323500,10,99038803,ARTICLE OF CHINA US NTE 20(F),XINHONGHAI ENVIRONMENTAL PROTECTION TECHNOLOGY CO LTD,6/04/2026,5/30/2026,5/01/2026,Vessel Container,162,CN,99030301,4823690040,,,,,,SECTION 122 - 10% DUTY,OTHR PAPER TRAYS DISHES PL,,,,,
2566143,02321212',CNF WHOLESALE LLC,85-384323500,11,99038803,ARTICLE OF CHINA US NTE 20(F),XINHONGHAI ENVIRONMENTAL PROTECTION TECHNOLOGY CO LTD,6/04/2026,5/30/2026,5/01/2026,Vessel Container,935.23,CN,99030301,4819100020,,,,,,SECTION 122 - 10% DUTY,CORRUGTED PAPR FOOD CONTAI,,,,,
2566006,02320941',BORGERS USA CORP,65-117296500,1,99030306,S122 EXCL IRN/STL/ALUM DERIV,AUTONEUM CZ S.R.O.,6/04/2026,6/04/2026,5/22/2026,Vessel Container,41240.14,CZ,99037411,99039453,8708295160,,,,,MED/HVY PRTS  NT38 (1) ALL CT,PASS VEH  LT TRKS NT33 SBDV(M),BODY PART ACCESS:OTH 8701-8705,,,,
2566006,02320941',BORGERS USA CORP,65-117296500,1,99030306,S122 EXCL IRN/STL/ALUM DERIV,AUTONEUM CZ S.R.O.,6/04/2026,6/04/2026,5/22/2026,Vessel Container,49017.08,CZ,99037411,99039453,8708295160,,,,,MED/HVY PRTS  NT38 (1) ALL CT,PASS VEH  LT TRKS NT33 SBDV(M),BODY PART ACCESS:OTH 8701-8705,,,,
2566006,02320941',BORGERS USA CORP,65-117296500,1,99030306,S122 EXCL IRN/STL/ALUM DERIV,AUTONEUM CZ S.R.O.,6/04/2026,6/04/2026,5/22/2026,Vessel Container,32408.19,CZ,99037411,99039453,8708295160,,,,,MED/HVY PRTS  NT38 (1) ALL CT,PASS VEH  LT TRKS NT33 SBDV(M),BODY PART ACCESS:OTH 8701-8705,,,,
2566142,02321170',MANKIEWICZ COATINGS  LLC,56-202308900,1,99030301,SECTION 122 - 10% DUTY,SYNTHOPOL CHEMIE,6/04/2026,6/04/2026,5/22/2026,Vessel Container,42237,DE,3907995050,,,,,,,OTHER SATURATED POLYESTERS,,,,,,
2566142,02321170',MANKIEWICZ COATINGS  LLC,56-202308900,2,99030303,S122 -EXCLUSION-EXEMPTED PRDTS,SYNTHOPOL CHEMIE,6/04/2026,6/04/2026,5/22/2026,Vessel Container,19350,DE,3906905000,,,,,,,OTH ACRY POLYS IN PRIMRY F,,,,,,
2565613,02321493',MESHA STEELS  LLC,20-274801900,1,99030306,S122 EXCL IRN/STL/ALUM DERIV,BHANSALI BRIGHT BARS PVT. LTD.,6/04/2026,6/04/2026,4/25/2026,Vessel Container,29226.17,IN,99038202,7222200062,,,,,,ALU  STL  COP DER ALU  DER STL,BAR/ROD SS:NFW CF/F <8% NICKEL,,,,,
2565613,02321493',MESHA STEELS  LLC,20-274801900,2,99030306,S122 EXCL IRN/STL/ALUM DERIV,BHANSALI BRIGHT BARS PVT. LTD.,6/04/2026,6/04/2026,4/25/2026,Vessel Container,13773.65,IN,99038202,7222200064,,,,,,ALU  STL  COP DER ALU  DER STL,BR/RD SS:18-152.4MM =>8-24%NIC,,,,,
4539399,02323069',CANTRELL GAINCO GROUP INC,31-151121700,1,99030301,SECTION 122 - 10% DUTY,O E CO LTD,6/04/2026,6/03/2026,6/03/2026,Air Non-container,11566.12,TW,8438909060,,,,,,,MACH PTS OTH PREP MEAT POULTRY,,,,,,
4539392,02322038',FPG USA LLC DBA FOOD PHYSICS,84-461929600,1,99030301,SECTION 122 - 10% DUTY,ELEA VERTRIEBS UND VERMARKTUNGS GMBH,6/04/2026,6/03/2026,6/03/2026,Air Non-container,2180.09,DE,8438909090,,,,,,,MACH PTS OTH U/IN PREP OF FOOD,,,,,,
4539392,02322038',FPG USA LLC DBA FOOD PHYSICS,84-461929600,2,99030301,SECTION 122 - 10% DUTY,ELEA VERTRIEBS UND VERMARKTUNGS GMBH,6/04/2026,6/03/2026,6/03/2026,Air Non-container,2180.09,DE,8438909090,,,,,,,MACH PTS OTH U/IN PREP OF FOOD,,,,,,
4539392,02322038',FPG USA LLC DBA FOOD PHYSICS,84-461929600,3,99030301,SECTION 122 - 10% DUTY,ELEA VERTRIEBS UND VERMARKTUNGS GMBH,6/04/2026,6/03/2026,6/03/2026,Air Non-container,812.35,DE,8504409510,,,,,,,PWR SPLIES <=50W RECTIFIER,,,,,,
4539392,02322038',FPG USA LLC DBA FOOD PHYSICS,84-461929600,4,99030301,SECTION 122 - 10% DUTY,ELEA VERTRIEBS UND VERMARKTUNGS GMBH,6/04/2026,6/03/2026,6/03/2026,Air Non-container,11599.65,DE,8504409510,,,,,,,PWR SPLIES <=50W RECTIFIER,,,,,,
4539392,02322038',FPG USA LLC DBA FOOD PHYSICS,84-461929600,5,99030301,SECTION 122 - 10% DUTY,ELEA VERTRIEBS UND VERMARKTUNGS GMBH,6/04/2026,6/03/2026,6/03/2026,Air Non-container,1103.11,DE,8438909090,,,,,,,MACH PTS OTH U/IN PREP OF FOOD,,,,,,
105504757,02322657',PORSCHE MOTORSPORT NORTH AMERICA,23-234420600,1,98178501,PROTOTYPES  TESTING/EVALUATION,DR. ING. H.C.F. PORSCHE AG,6/04/2026,6/03/2026,6/03/2026,Truck Non-container,199827,DE,99030306,99039451,8703240150,,,,,S122 EXCL IRN/STL/ALUM DERIV,PASS VEH  LT TRKS NT33 SBDV(M),OT NEW VE;>4 &<=6CYL;CY>3000CC,,,,
4539411,02322707',PLUMETTAZ AMERICA CORP,83-230829500,1,99030306,S122 EXCL IRN/STL/ALUM DERIV,PLUMETTAZ S.A.,6/04/2026,5/29/2026,5/29/2026,Air Non-container,24328.75,CH,99038210,8479909596,,,,,,DER ALU & STL COL 1 < 15%NT16,OTH PRTS/MECH APPS W/IND F,,,,,
105504760,02322715',PORSCHE MOTORSPORT NORTH AMERICA,23-234420600,1,98178501,PROTOTYPES  TESTING/EVALUATION,VOLKSWAGEN SLOVAKIA A.S,6/04/2026,6/03/2026,6/03/2026,Truck Non-container,118913,SK,99030306,99039451,8703800060,,,,,S122 EXCL IRN/STL/ALUM DERIV,PASS VEH  LT TRKS NT33 SBDV(M),OTH VE EL MOTPROPUL EPA>25,,,,
105504760,02322715',PORSCHE MOTORSPORT NORTH AMERICA,23-234420600,1,98178501,PROTOTYPES  TESTING/EVALUATION,VOLKSWAGEN SLOVAKIA A.S,6/04/2026,6/03/2026,6/03/2026,Truck Non-container,181200,SK,99030306,99039451,8703800060,,,,,S122 EXCL IRN/STL/ALUM DERIV,PASS VEH  LT TRKS NT33 SBDV(M),OTH VE EL MOTPROPUL EPA>25,,,,
105504760,02322715',PORSCHE MOTORSPORT NORTH AMERICA,23-234420600,1,98178501,PROTOTYPES  TESTING/EVALUATION,VOLKSWAGEN SLOVAKIA A.S,6/04/2026,6/03/2026,6/03/2026,Truck Non-container,181200,SK,99030306,99039451,8703800060,,,,,S122 EXCL IRN/STL/ALUM DERIV,PASS VEH  LT TRKS NT33 SBDV(M),OTH VE EL MOTPROPUL EPA>25,,,,
4539415,02322772',CANTRELL GAINCO GROUP INC,31-151121700,1,99030301,SECTION 122 - 10% DUTY,DETECTRONIC APS,6/04/2026,6/03/2026,6/02/2026,Air Non-container,4358,DK,9031808085,,,,,,,OTHR MEASUR/CHECK INST NSP,,,,,,
2615774,02322848',EISENMANN OF SOUTH CAROLINA INC,86-240963300,1,4812000000,FILTER BLOCKS OF PAPER PUL,EISENMANN INC,6/04/2026,6/03/2026,6/02/2026,Truck Non-container,19500,US,,,,,,,,,,,,,,
4539357,02322954',TRENCHLESS PRODUCTS,83-157973900,1,99030301,SECTION 122 - 10% DUTY,HACHLER GMBH,6/04/2026,5/22/2026,5/22/2026,Air Non-container,76347.74,DE,8479500000,,,,,,,INDUSTRIAL ROBOTS N/ELSE SPECF,,,,,,
4539357,02322954',TRENCHLESS PRODUCTS,83-157973900,2,99030306,S122 EXCL IRN/STL/ALUM DERIV,HACHLER GMBH,6/04/2026,5/22/2026,5/22/2026,Air Non-container,3316.53,DE,99038210,8479909530,,,,,,DER ALU & STL COL 1 < 15%NT16,OTH OF INDUSTRIAL ROBOTS,,,,,
4539425,02322988',PLUMETTAZ AMERICA CORP,83-230829500,1,99030301,,PLUMETTAZ S.A.,6/04/2026,6/03/2026,6/03/2026,Air Non-container,514.31,FR,99038201,8479909596,,,,,,DOES NOT CONT ANY ALU  STL CPP,OTH PRTS/MECH APPS W/IND F,,,,,
4539425,02322988',PLUMETTAZ AMERICA CORP,83-230829500,1,99030306,S122 EXCL IRN/STL/ALUM DERIV,PLUMETTAZ S.A.,6/04/2026,6/03/2026,6/03/2026,Air Non-container,2243.79,HU,99038210,8479909596,,,,,,DER ALU & STL COL 1 < 15%NT16,OTH PRTS/MECH APPS W/IND F,,,,,
2565559,02312757',ROYAL INGREDIENTS GROUP BV,074601-00962,1,99030301,SECTION 122 - 10% DUTY,AKV LANGHOLT AMBA,6/05/2026,6/05/2026,4/20/2026,Vessel Container,50805.56,DK,1108130010,,,,,,,POTATO STARCH  F/HUMAN CON,,,,,,
2565421,02310751',GRASS AMERICA INC,51-066023000,1,99038815,ARTICLE OF CHINA US NTE 20(R),SACA PRECISION (HK) LIMITED,6/05/2026,6/03/2026,4/11/2026,Vessel Container,75994,CN,99030306,99038209,8302423015,,,,,S122 EXCL IRN/STL/ALUM DERIV,COP  DER ALU & STL  NT16(C)(VI,DRWRSLIDES FR FURN IR/ST/AL/ZN,,,,
2565421,02310751',GRASS AMERICA INC,51-066023000,2,99038815,ARTICLE OF CHINA US NTE 20(R),SACA PRECISION (HK) LIMITED,6/05/2026,6/03/2026,4/11/2026,Vessel Container,4105.6,CN,99030301,3926305000,,,,,,SECTION 122 - 10% DUTY,PLAST FITTINGS OTHER,,,,,
2615608-1,02314845',CB MANUFACTURING & SALES CO INC,34-101525000,1,99030301,SECTION 122 - 10% DUTY,WOOJIN PRECISION COMPANY,6/05/2026,6/02/2026,4/30/2026,Vessel Non-container,4818,KR,8208906000,,,,,,,KNV/CUT BLDS FOR MACH AND PTS,,,,,,
2615608-1,02314845',CB MANUFACTURING & SALES CO INC,34-101525000,2,99030301,SECTION 122 - 10% DUTY,WOOJIN PRECISION COMPANY,6/05/2026,6/02/2026,4/30/2026,Vessel Non-container,6175,KR,8208906000,,,,,,,KNV/CUT BLDS FOR MACH AND PTS,,,,,,
2615608-1,02314845',CB MANUFACTURING & SALES CO INC,34-101525000,3,99030301,SECTION 122 - 10% DUTY,WOOJIN PRECISION COMPANY,6/05/2026,6/02/2026,4/30/2026,Vessel Non-container,4482,KR,8208906000,,,,,,,KNV/CUT BLDS FOR MACH AND PTS,,,,,,
2615608-2,02314852',CB MANUFACTURING & SALES CO INC,34-101525000,1,99030306,S122 EXCL IRN/STL/ALUM DERIV,JOONGANG PRECISION CO LTD,6/05/2026,6/02/2026,4/30/2026,Vessel Non-container,68740,KR,99038209,8211945000,,,,,,COP  DER ALU & STL  NT16(C)(VI,BLADES OTH  FO KNV NT HAV,,,,,
2615608-2,02314852',CB MANUFACTURING & SALES CO INC,34-101525000,2,99030301,SECTION 122 - 10% DUTY,JOONGANG PRECISION CO LTD,6/05/2026,6/02/2026,4/30/2026,Vessel Non-container,30887.55,KR,8208906000,,,,,,,KNV/CUT BLDS FOR MACH AND PTS,,,,,,
2615608-2,02314852',CB MANUFACTURING & SALES CO INC,34-101525000,3,99030301,SECTION 122 - 10% DUTY,JOONGANG PRECISION CO LTD,6/05/2026,6/02/2026,4/30/2026,Vessel Non-container,41750,KR,8208300030,,,,,,,KNV/BLD-MEAT SLC CUT CHP M,,,,,,
2565550,02312542',ROYAL INGREDIENTS GROUP BV,074601-00962,1,99030301,SECTION 122 - 10% DUTY,AKV LANGHOLT AMBA,6/05/2026,6/13/2026,4/19/2026,Vessel Container,25741.49,DK,1108130010,,,,,,,POTATO STARCH  F/HUMAN CON,,,,,,
2565601,02313045',VEER CORPORATIONS INC,99-106989200,1,99030301,SECTION 122 - 10% DUTY,VEER PLASTIC PVT LTD,6/05/2026,6/05/2026,4/21/2026,Vessel Container,47000.39,IN,5903903090,,,,,,,FAB OTHER TEXT IMP ETC. W/OTH,,,,,,
2565602,02313052',VEER CORPORATIONS INC,99-106989200,1,99030301,SECTION 122 - 10% DUTY,VEER PLASTIC PVT LTD,6/05/2026,6/05/2026,4/21/2026,Vessel Container,47366.21,IN,5903903090,,,,,,,FAB OTHER TEXT IMP ETC. W/OTH,,,,,,
2565603,02313060',VEER CORPORATIONS INC,99-106989200,1,99030301,SECTION 122 - 10% DUTY,VEER PLASTIC PVT LTD,6/05/2026,6/05/2026,4/21/2026,Vessel Container,47000.39,IN,5903903090,,,,,,,FAB OTHER TEXT IMP ETC. W/OTH,,,,,,
4539441,02323283',CANTRELL GAINCO GROUP INC,31-151121700,1,99030307,S 122-EXCLUSION  CANADA USMCA,FORTRESS TECHNOLOGY,6/05/2026,6/04/2026,6/04/2026,Air Non-container,1210,XO,99039406,8537108000,,,,,,CLS UN NT33(G/H)USMCA SB (P),TOUCH SENSITIVE DEV W/O DI,,,,,
2565629,02314621',ROYAL INGREDIENTS GROUP BV,074601-00962,1,99030301,SECTION 122 - 10% DUTY,AKV LANGHOLT AMBA,6/05/2026,6/10/2026,4/24/2026,Vessel Container,12870.74,DK,1108130010,,,,,,,POTATO STARCH  F/HUMAN CON,,,,,,
2615658,02316717',TRENCHLESS PRODUCTS,83-157973900,1,99030301,SECTION 122 - 10% DUTY,POLINVENT KFT.,6/05/2026,5/16/2026,5/06/2026,Vessel Non-container,21200,HU,2916142050,,,,,,,ESTERS OF METHACRYLIC ACID,,,,,,
2565818,02317087',ROYAL INGREDIENTS GROUP BV,074601-00962,1,99030301,SECTION 122 - 10% DUTY,SEDAMYL UK,6/05/2026,6/10/2026,5/10/2026,Vessel Container,83708.1,GB,1109001000,,,,,,,WHEAT GLUTEN USED AS ANIM.FEED,,,,,,
2565560-1,02317160',CB MANUFACTURING & SALES CO INC,34-101525000,2,99030301,SECTION 122 - 10% DUTY,EXTRA SHARP TOOL & KNIVES,6/05/2026,6/10/2026,5/01/2026,Vessel Container,4819.88,IN,8208200060,,,,,,,KNV/BLDS WD-CHPPER MACH L>15.2,,,,,,
2565560-1,02317160',CB MANUFACTURING & SALES CO INC,34-101525000,1,99030301,SECTION 122 - 10% DUTY,EXTRA SHARP TOOL & KNIVES,6/05/2026,6/10/2026,5/01/2026,Vessel Container,38191.81,IN,8208906000,,,,,,,KNV/CUT BLDS FOR MACH AND PTS,,,,,,
2565560-2,02317178',CB MANUFACTURING & SALES CO INC,34-101525000,1,99030301,SECTION 122 - 10% DUTY,KAKKAR COMPLEX STEELS (P) LTD.,6/05/2026,6/10/2026,5/01/2026,Vessel Container,81166.97,IN,8208200060,,,,,,,KNV/BLDS WD-CHPPER MACH L>15.2,,,,,,
2565560-2,02317178',CB MANUFACTURING & SALES CO INC,34-101525000,2,99030301,SECTION 122 - 10% DUTY,KAKKAR COMPLEX STEELS (P) LTD.,6/05/2026,6/10/2026,5/01/2026,Vessel Container,34045.94,IN,8208906000,,,,,,,KNV/CUT BLDS FOR MACH AND PTS,,,,,,
2565746,02317558',ROYAL INGREDIENTS GROUP BV,074601-00962,1,99030301,,PRZEDSIEBIORSTWO PRZEMYSLU ZIEMNIACZANEGO PEPEES S.A.,6/05/2026,6/03/2026,5/03/2026,Vessel Container,12458.88,PL,1108130010,,,,,,,POTATO STARCH  F/HUMAN CON,,,,,,
2615692,02319828',BORGERS OHIO INC.,30-084196200,1,99038815,ARTICLE OF CHINA US NTE 20(R),AUTONEUM (SHANGHAI) MANAGEMENT CO. LTD.,6/05/2026,6/15/2026,5/19/2026,Vessel Non-container,28615.3,CN,99030301,3926909989,,,,,,SECTION 122 - 10% DUTY,OTH.PLSTIC MAT OTH OTH OTH,,,,,
2615692,02319828',BORGERS OHIO INC.,30-084196200,2,99038815,ARTICLE OF CHINA US NTE 20(R),AUTONEUM (SHANGHAI) MANAGEMENT CO. LTD.,6/05/2026,6/15/2026,5/19/2026,Vessel Non-container,12472.44,CN,99030301,3926305000,,,,,,SECTION 122 - 10% DUTY,PLAST FITTINGS OTHER,,,,,
105504716,02318341',IFF  INC.,58-149385700,1,98050050,EFFECTS US GOV EMP&FAMLY/EVACU,VOLVO CAR INTERNATIONAL CORPORATION,6/05/2026,5/25/2026,5/14/2026,Vessel Non-container,75388,SE,,,,,,,,,,,,,,
2565902,02319638',BORGERS OHIO INC.,30-084196200,1,99030301,SECTION 122 - 10% DUTY,AUTONEUM GERMANY GMBH,6/05/2026,6/08/2026,5/18/2026,Vessel Container,11018.32,DE,5704900190,,,,,,,OTH CRPTS  FLT NO TFT/FLK OT,,,,,,
2565902,02319638',BORGERS OHIO INC.,30-084196200,1,99030301,SECTION 122 - 10% DUTY,AUTONEUM GERMANY GMBH,6/05/2026,6/08/2026,5/18/2026,Vessel Container,9526.84,DE,5704900190,,,,,,,OTH CRPTS  FLT NO TFT/FLK OT,,,,,,
2565902,02319638',BORGERS OHIO INC.,30-084196200,1,99030301,SECTION 122 - 10% DUTY,AUTONEUM GERMANY GMBH,6/05/2026,6/08/2026,5/18/2026,Vessel Container,9427.16,DE,5704900190,,,,,,,OTH CRPTS  FLT NO TFT/FLK OT,,,,,,
2615720,02321295',PACKWISE INC,30-142471800,1,99030303,S122 -EXCLUSION-EXEMPTED PRDTS,PACKWISE GMBH,6/05/2026,6/07/2026,5/21/2026,Vessel Non-container,141488.64,DE,8517620090,,,,,,,MACHINES FOR RECEPTION  OTHER,,,,,,
2615666,02320446',HAGO AUTOMOTIVE CORP,47-447117700,1,99030306,S122 EXCL IRN/STL/ALUM DERIV,NEDSCHROEF FRAULAUTERN GMBH,6/05/2026,6/05/2026,5/20/2026,Vessel Non-container,5367.46,DE,99037411,99039453,8708295160,,,,,MED/HVY PRTS  NT38 (1) ALL CT,PASS VEH  LT TRKS NT33 SBDV(M),BODY PART ACCESS:OTH 8701-8705,,,,
2565858,02320610',ROYAL INGREDIENTS GROUP BV,074601-00962,1,99030301,SECTION 122 - 10% DUTY,AKV LANGHOLT AMBA,6/05/2026,6/14/2026,5/08/2026,Vessel Container,74031.25,DK,1108130010,,,,,,,POTATO STARCH  F/HUMAN CON,,,,,,
2565562,02321535',THE ALLSTAR COMPANY LLC,81-195491800,1,99038803,ARTICLE OF CHINA US NTE 20(F),GUANGZHOU GUANGSHENG GAME AND AMUSE,6/05/2026,6/05/2026,4/20/2026,Vessel Container,59550,CN,99030301,8531200040,,,,,,SECTION 122 - 10% DUTY,INDICATOR PANELS INC LIGHT,,,,,
2565562,02321535',THE ALLSTAR COMPANY LLC,81-195491800,1,99030301,SECTION 122 - 10% DUTY,GUANGZHOU GUANGSHENG GAME AND AMUSE,6/05/2026,6/05/2026,4/20/2026,Vessel Container,52800,CN,9504500000,,,,,,,VIDEO GAME USED W/TV REC P,,,,,,
2565562,02321535',THE ALLSTAR COMPANY LLC,81-195491800,1,99030301,SECTION 122 - 10% DUTY,GUANGZHOU GUANGSHENG GAME AND AMUSE,6/05/2026,6/05/2026,4/20/2026,Vessel Container,52800,CN,9504500000,,,,,,,VIDEO GAME USED W/TV REC P,,,,,,
4539366,02321782',PROGETTI PLANT S.R.L. LLC,98-178019600,1,99030301,SECTION 122 - 10% DUTY,PROGETTI PLANT SRL,6/05/2026,6/03/2026,6/03/2026,Air Non-container,4050.15,IT,8402120000,,,,,,,WATERTUBE BOILRS W/STM PRO<=45,,,,,,
4539366,02321782',PROGETTI PLANT S.R.L. LLC,98-178019600,2,99030301,SECTION 122 - 10% DUTY,PROGETTI PLANT SRL,6/05/2026,6/03/2026,6/03/2026,Air Non-container,417.78,CZ,8402120000,,,,,,,WATERTUBE BOILRS W/STM PRO<=45,,,,,,
4539366,02321782',PROGETTI PLANT S.R.L. LLC,98-178019600,3,99030301,SECTION 122 - 10% DUTY,PROGETTI PLANT SRL,6/05/2026,6/03/2026,6/03/2026,Air Non-container,934.2,DE,8402120000,,,,,,,WATERTUBE BOILRS W/STM PRO<=45,,,,,,
4539366,02321782',PROGETTI PLANT S.R.L. LLC,98-178019600,4,99038801,ARTICLE OF CHINA US NTE 20(A),OMRON CO LTD,6/05/2026,6/03/2026,6/03/2026,Air Non-container,52.22,CN,99030301,8402120000,,,,,,SECTION 122 - 10% DUTY,WATERTUBE BOILRS W/STM PRO<=45,,,,,
4539366,02321782',PROGETTI PLANT S.R.L. LLC,98-178019600,5,99030301,SECTION 122 - 10% DUTY,PROGETTI PLANT SRL,6/05/2026,6/03/2026,6/03/2026,Air Non-container,174.08,LK,8402120000,,,,,,,WATERTUBE BOILRS W/STM PRO<=45,,,,,,
4539366,02321782',PROGETTI PLANT S.R.L. LLC,98-178019600,6,99030301,SECTION 122 - 10% DUTY,PROGETTI PLANT SRL,6/05/2026,6/03/2026,6/03/2026,Air Non-container,812.35,LK,8402120000,,,,,,,WATERTUBE BOILRS W/STM PRO<=45,,,,,,
4539431,02323077',CANTRELL GAINCO GROUP INC,31-151121700,1,99030307,S 122-EXCLUSION  CANADA USMCA,FORTRESS TECHNOLOGY,6/05/2026,6/03/2026,6/03/2026,Air Non-container,1210,XO,99039406,8537108000,,,,,,CLS UN NT33(G/H)USMCA SB (P),TOUCH SENSITIVE DEV W/O DI,,,,,
2565802,02323093',VENUS WIRE INDUSTRIES PRIVATE LTD,993901-03595,1,99030306,S122 EXCL IRN/STL/ALUM DERIV,VENUS WIRE INDUSTRIES PRIVATE LIMITED,6/05/2026,6/13/2026,4/26/2026,Vessel Container,58833.49,IN,99038202,7223001031,,,,,,ALU  STL  COP DER ALU  DER STL,WIRE S STEEL RND D.25-LT.7,,,,,
4539410,02322723',PRO WATER PARTS INC,45-528809200,1,99030301,SECTION 122 - 10% DUTY,TEFEN FLOW & DOSING TECHNOLOGIES,6/05/2026,5/28/2026,5/25/2026,Air Non-container,25000,IL,3917400050,,,,,,,OTH PLMBI FIT NOT PRES RTD OTH,,,,,,
4539380,02322947',VISUAL CREATIONS  INC.,20-461602300,1,99038803,ARTICLE OF CHINA US NTE 20(F),XIAMEN CUBES INDUSTRIAL & TRADING C,6/05/2026,6/05/2026,6/05/2026,Air Non-container,6921.94,CN,99030301,9403999045,,,,,,SECTION 122 - 10% DUTY,OTH FURN PRT METAL PRTS OTHER,,,,,
4539380,02322947',VISUAL CREATIONS  INC.,20-461602300,2,99038803,ARTICLE OF CHINA US NTE 20(F),XIAMEN CUBES INDUSTRIAL & TRADING C,6/05/2026,6/05/2026,6/05/2026,Air Non-container,777.11,CN,99030301,9403200075,,,,,,SECTION 122 - 10% DUTY,BLTLESS PRESS FIT DESC ST NT3,,,,,
2615768,02322962',GRASS AMERICA INC,51-066023000,1,99030301,SECTION 122 - 10% DUTY,GRASS GMBH,6/05/2026,6/04/2026,6/03/2026,Truck Non-container,7109.19,AT,99038209,8302423015,,,,,,COP  DER ALU & STL  NT16(C)(VI,DRWRSLIDES FR FURN IR/ST/AL/ZN,,,,,
2565067,02306403',ROYAL INGREDIENTS GROUP BV,074601-00962,1,99030301,SECTION 122 - 10% DUTY,TAT NISASTA INS SAN TIC AS,6/06/2026,6/06/2026,3/18/2026,Vessel Container,8606.25,TR,1108120010,,,,,,,CORN (MAIZE) STARCH F/FOOD,,,,,,
2565577,02312922',ROYAL INGREDIENTS GROUP BV,074601-00962,1,99030301,,TAT NISASTA INS SAN TIC AS,6/06/2026,6/06/2026,4/20/2026,Vessel Container,20000,TR,1108120010,,,,,,,CORN (MAIZE) STARCH F/FOOD,,,,,,
2565597,02315255',ROYAL INGREDIENTS GROUP BV,074601-00962,1,99030301,SECTION 122 - 10% DUTY,EMSLAND-STARKE GMBH,6/06/2026,6/05/2026,4/30/2026,Vessel Container,15939.66,DE,1108130010,,,,,,,POTATO STARCH  F/HUMAN CON,,,,,,
2565428,02315990',CASTLE CHEMICALS LTD,151704-07138,1,99030303,S122 -EXCLUSION-EXEMPTED PRDTS,HUBEI JIANGHAN NEW MATERIALS CO,6/06/2026,6/06/2026,3/28/2026,Vessel Container,150066,CN,2930909231,,,,,,,ORGANO-S AMINOETHANE,,,,,,
2565792,02317012',MALLAGHAN (GA) INC.,36-488102800,1,99030306,S122 EXCL IRN/STL/ALUM DERIV,MALLAGHAN ENGINEERING  LTD,6/06/2026,6/06/2026,5/08/2026,Vessel Non-container,231177,GB,99038205,8427208020,,,,,,DER ALU  STL NT16(C)(VI-VII)GB,SELF PROP TRK NT RDR AER W,,,,,
2565841,02317020',MALLAGHAN (GA) INC.,36-488102800,1,99030306,S122 EXCL IRN/STL/ALUM DERIV,MALLAGHAN ENGINEERING  LTD,6/06/2026,6/06/2026,5/08/2026,Vessel Non-container,230379,GB,99038205,8427208020,,,,,,DER ALU  STL NT16(C)(VI-VII)GB,SELF PROP TRK NT RDR AER W,,,,,
2565876,02318531',AMERICAN FIREWORKS COMPANY,34-006522000,1,99038802,ARTICLE OF CHINA US NTE 20(C),LIUYANG LINGCHENG TECHNOLOGY CO  LTD,6/06/2026,6/13/2026,5/14/2026,Vessel Container,16589.48,CN,99030301,3917290090,,,,,,SECTION 122 - 10% DUTY,PLASTICS TUBES PIPES HOSES,,,,,
2565876,02318531',AMERICAN FIREWORKS COMPANY,34-006522000,2,99038802,ARTICLE OF CHINA US NTE 20(C),LIUYANG LINGCHENG TECHNOLOGY CO  LTD,6/06/2026,6/13/2026,5/14/2026,Vessel Container,17926.27,CN,99030306,99038210,8424899000,,,,,S122 EXCL IRN/STL/ALUM DERIV,DER ALU & STL COL 1 < 15%NT16,SPRAYING APPARATUS:OTHER:NSPF,,,,
2565856,02318242',ROYAL INGREDIENTS GROUP BV,074601-00962,1,99030301,SECTION 122 - 10% DUTY,JACKERING MUHLEN UND NAHRMITTELWERKE GMBH,6/06/2026,6/06/2026,5/12/2026,Vessel Container,27074.52,DE,1109009020,,,,,,,WHEAT GLUTEN  OTHER,,,,,,
2565901,02318630',MDE MACHINERY INC,38-438331300,1,99030301,SECTION 122 - 10% DUTY,MDE MACHINERY LTD,6/06/2026,6/10/2026,5/14/2026,Vessel Container,95676.59,GB,8436800020,,,,,,,FORESTRY MACHINERY,,,,,,
2565811,02318929',SUNBELT RENTALS  INC.,58-041519200,1,99030306,S122 EXCL IRN/STL/ALUM DERIV,HEPHZIBAH CO LTD,6/06/2026,6/06/2026,5/15/2026,Vessel Container,171935.28,KR,99038209,8415820170,,,,,,COP  DER ALU & STL  NT16(C)(VI,AIR CON OTH INCORP REFRIG,,,,,
2565811,02318929',SUNBELT RENTALS  INC.,58-041519200,2,99030306,S122 EXCL IRN/STL/ALUM DERIV,HEPHZIBAH CO LTD,6/06/2026,6/06/2026,5/15/2026,Vessel Container,61451.28,KR,99038209,8415820170,,,,,,COP  DER ALU & STL  NT16(C)(VI,AIR CON OTH INCORP REFRIG,,,,,
2565811,02318929',SUNBELT RENTALS  INC.,58-041519200,1,99030306,S122 EXCL IRN/STL/ALUM DERIV,HEPHZIBAH CO LTD,6/06/2026,6/06/2026,5/15/2026,Vessel Container,120665.16,KR,99038209,8415810130,,,,,,COP  DER ALU & STL  NT16(C)(VI,AIR CON W/REFRG REV N/SLFC,,,,,
2565811,02318929',SUNBELT RENTALS  INC.,58-041519200,1,99030306,S122 EXCL IRN/STL/ALUM DERIV,HEPHZIBAH CO LTD,6/06/2026,6/06/2026,5/15/2026,Vessel Container,201108.6,KR,99038209,8415810130,,,,,,COP  DER ALU & STL  NT16(C)(VI,AIR CON W/REFRG REV N/SLFC,,,,,
2565811,02318929',SUNBELT RENTALS  INC.,58-041519200,1,99030306,S122 EXCL IRN/STL/ALUM DERIV,HEPHZIBAH CO LTD,6/06/2026,6/06/2026,5/15/2026,Vessel Container,201108.6,KR,99038209,8415810130,,,,,,COP  DER ALU & STL  NT16(C)(VI,AIR CON W/REFRG REV N/SLFC,,,,,
2565465,02319273',MESHA STEELS  LLC,20-274801900,1,99030306,S122 EXCL IRN/STL/ALUM DERIV,BHANSALI BRIGHT BARS PVT. LTD.,6/06/2026,6/04/2026,4/15/2026,Vessel Container,12929.39,IN,99038202,7222200062,,,,,,ALU  STL  COP DER ALU  DER STL,BAR/ROD SS:NFW CF/F <8% NICKEL,,,,,
2565465,02319273',MESHA STEELS  LLC,20-274801900,2,99030306,S122 EXCL IRN/STL/ALUM DERIV,BHANSALI BRIGHT BARS PVT. LTD.,6/06/2026,6/04/2026,4/15/2026,Vessel Container,5493.82,IN,99038202,7222200043,,,,,,ALU  STL  COP DER ALU  DER STL,BARS/RODS SS:NFW =>8%<24%NICK,,,,,
2565465,02319273',MESHA STEELS  LLC,20-274801900,3,99030306,S122 EXCL IRN/STL/ALUM DERIV,BHANSALI BRIGHT BARS PVT. LTD.,6/06/2026,6/04/2026,4/15/2026,Vessel Container,16564.1,IN,99038202,7222200064,,,,,,ALU  STL  COP DER ALU  DER STL,BR/RD SS:18-152.4MM =>8-24%NIC,,,,,
105504744,02321048',IFF  INC.,58-149385700,1,98050050,EFFECTS US GOV EMP&FAMLY/EVACU,VOLVO CAR INTERNATIONAL CORPORATION,6/06/2026,6/05/2026,5/25/2026,Vessel Non-container,73543.8,SE,,,,,,,,,,,,,,
2565913,02322251',BARLINEK USA CORP,38-411880600,1,99030301,SECTION 122 - 10% DUTY,BARLINEK S.A.,6/06/2026,6/13/2026,5/12/2026,Vessel Container,33181.33,PL,4412523105,,,,,,,OTHER PLYWOOD  WOOD FLOORI,,,,,,
2565547,02322293',PRODEW  INC,45-046735700,1,99030301,SECTION 122 - 10% DUTY,ORGANIC FILTER,6/06/2026,6/05/2026,5/02/2026,Vessel Container,880,TW,8204110060,,,,,,,WRENCHES ETC. OTHER  NONADJABL,,,,,,
2565547,02322293',PRODEW  INC,45-046735700,2,99030301,SECTION 122 - 10% DUTY,ORGANIC FILTER,6/06/2026,6/05/2026,5/02/2026,Vessel Container,13030.2,TW,8421990140,,,,,,,FIL/PURIF MACH PARTS  F/WA,,,,,,
4539424,02323358',SUNBELT RENTALS  INC.,58-041519200,1,99030306,S122 EXCL IRN/STL/ALUM DERIV,HEPHZIBAH CO LTD,6/06/2026,6/05/2026,6/05/2026,Air Non-container,2938,KR,99038209,8415908085,,,,,,COP  DER ALU & STL  NT16(C)(VI,AIR COND PTS OTH  NSPF,,,,,
2565620,02313722',VEER CORPORATIONS INC,99-106989200,1,99030301,SECTION 122 - 10% DUTY,VEER PLASTIC PVT LTD,6/07/2026,6/04/2026,4/19/2026,Vessel Container,48955.83,IN,5903903090,,,,,,,FAB OTHER TEXT IMP ETC. W/OTH,,,,,,
2565766,02315537',VEER CORPORATIONS INC,99-106989200,1,99030301,SECTION 122 - 10% DUTY,VEER PLASTIC PVT LTD,6/07/2026,6/06/2026,5/03/2026,Vessel Container,46266.99,IN,5903903090,,,,,,,FAB OTHER TEXT IMP ETC. W/OTH,,,,,,
2565768,02315552',VEER CORPORATIONS INC,99-106989200,1,99030301,SECTION 122 - 10% DUTY,VEER PLASTIC PVT LTD,6/07/2026,6/06/2026,5/03/2026,Vessel Container,46266.99,IN,5903903090,,,,,,,FAB OTHER TEXT IMP ETC. W/OTH,,,,,,
2565770,02315578',VEER CORPORATIONS INC,99-106989200,1,99030301,SECTION 122 - 10% DUTY,VEER PLASTIC PVT LTD,6/07/2026,6/06/2026,5/03/2026,Vessel Container,45697.94,IN,5903903090,,,,,,,FAB OTHER TEXT IMP ETC. W/OTH,,,,,,
2565771,02315586',VEER CORPORATIONS INC,99-106989200,1,99030301,SECTION 122 - 10% DUTY,VEER PLASTIC PVT LTD,6/07/2026,6/06/2026,5/03/2026,Vessel Container,45697.94,IN,5903903090,,,,,,,FAB OTHER TEXT IMP ETC. W/OTH,,,,,,
2565780,02317046',ROYAL INGREDIENTS GROUP BV,074601-00962,1,99030301,SECTION 122 - 10% DUTY,T-FIBRE INNOVATION CO.  LTD.,6/07/2026,6/10/2026,5/06/2026,Vessel Container,4875,TH,3505100020,,,,,,,DEXTRINS N/FROM POTATO STARCH,,,,,,
2565780,02317046',ROYAL INGREDIENTS GROUP BV,074601-00962,1,99030303,S122 -EXCLUSION-EXEMPTED PRDTS,T-FIBRE INNOVATION CO.  LTD.,6/07/2026,6/10/2026,5/06/2026,Vessel Container,8854.21,TH,1108140000,,,,,,,CASSAVA (MANIOC) STARCH,,,,,,
2565814,02317061',ROYAL INGREDIENTS GROUP BV,074601-00962,1,99030301,SECTION 122 - 10% DUTY,AKV LANGHOLT AMBA,6/07/2026,6/06/2026,5/08/2026,Vessel Container,59225,DK,1108130010,,,,,,,POTATO STARCH  F/HUMAN CON,,,,,,
2565879,02318150',DOBLA USA MFG LLC,41-218954800,1,99030301,SECTION 122 - 10% DUTY,DOBLA BELGIUM PRODUCTIONS NV/SA,6/07/2026,6/07/2026,5/12/2026,Vessel Container,29393.28,BE,1806909090,,,,,,,CHOC & OTH FD PREP  OTHER,,,,,,
2565879,02318150',DOBLA USA MFG LLC,41-218954800,2,99030301,SECTION 122 - 10% DUTY,DOBLA LOGISTICS BVBA,6/07/2026,6/07/2026,5/12/2026,Vessel Container,26411,BE,1806909090,,,,,,,CHOC & OTH FD PREP  OTHER,,,,,,
2565844,02318234',ROYAL INGREDIENTS GROUP BV,074601-00962,1,99030301,,PRZEDSIEBIORSTWO PRZEMYSLU ZIEMNIACZANEGO PEPEES S.A.,6/07/2026,6/07/2026,5/11/2026,Vessel Container,15079.2,PL,1108130010,,,,,,,POTATO STARCH  F/HUMAN CON,,,,,,
2565742,02318283',FOOTING FIRST  LLC,27-059921300,1,99030301,SECTION 122 - 10% DUTY,ALTEX TEXTILRECYCLING,6/07/2026,6/15/2026,5/12/2026,Vessel Container,23512.26,DE,6310102020,,,,,,,USED/NEW RAG ET SORT MN-MD,,,,,,
2565934,02319919',ROYAL INGREDIENTS GROUP BV,074601-00962,1,99030301,SECTION 122 - 10% DUTY,AKV LANGHOLT AMBA,6/07/2026,6/15/2026,5/18/2026,Vessel Container,13029.5,DK,1108130010,,,,,,,POTATO STARCH  F/HUMAN CON,,,,,,
2565944,02319935',ROYAL INGREDIENTS GROUP BV,074601-00962,1,99030301,SECTION 122 - 10% DUTY,AKV LANGHOLT AMBA,6/07/2026,6/15/2026,5/18/2026,Vessel Container,13029.5,DK,1108130010,,,,,,,POTATO STARCH  F/HUMAN CON,,,,,,
2565948,02319943',ROYAL INGREDIENTS GROUP BV,074601-00962,1,99030301,SECTION 122 - 10% DUTY,AKV LANGHOLT AMBA,6/07/2026,6/07/2026,5/18/2026,Vessel Container,37311.75,DK,1108130010,,,,,,,POTATO STARCH  F/HUMAN CON,,,,,,
2565910,02319232',ROYAL INGREDIENTS GROUP BV,074601-00962,1,99030301,SECTION 122 - 10% DUTY,SEDAMYL UK,6/07/2026,6/07/2026,5/15/2026,Vessel Container,55805.4,GB,1109001000,,,,,,,WHEAT GLUTEN USED AS ANIM.FEED,,,,,,
2565947,02319240',ROYAL INGREDIENTS GROUP BV,074601-00962,1,99030301,SECTION 122 - 10% DUTY,SEDAMYL UK,6/07/2026,6/07/2026,5/16/2026,Vessel Container,102526.2,GB,1109009020,,,,,,,WHEAT GLUTEN  OTHER,,,,,,
2565855,02320594',ROYAL INGREDIENTS GROUP BV,074601-00962,1,99030301,SECTION 122 - 10% DUTY,AKV LANGHOLT AMBA,6/07/2026,6/10/2026,5/08/2026,Vessel Container,60023.25,DK,1108130010,,,,,,,POTATO STARCH  F/HUMAN CON,,,,,,
2566033,02320669',ROYAL INGREDIENTS GROUP BV,074601-00962,1,99030301,SECTION 122 - 10% DUTY,JACKERING MUHLEN UND NAHRMITTELWERKE GMBH,6/07/2026,6/15/2026,5/23/2026,Vessel Container,84096.88,DE,1109009020,,,,,,,WHEAT GLUTEN  OTHER,,,,,,
2565912,02320867',TEUFELBERGER G.E.S.M.B.H,181704-13780,1,99030301,SECTION 122 - 10% DUTY,TEUFELBERGER GMBH,6/07/2026,6/07/2026,5/20/2026,Vessel Container,33298.38,AT,3920620090,,,,,,,PLAST FLAT POLYETHYLENE TEREP,,,,,,
2565916,02320891',TEUFELBERGER G.E.S.M.B.H,181704-13780,1,99030301,SECTION 122 - 10% DUTY,TEUFELBERGER GMBH,6/07/2026,6/07/2026,5/21/2026,Vessel Container,24400.92,AT,3920620090,,,,,,,PLAST FLAT POLYETHYLENE TEREP,,,,,,
2565917,02320917',TEUFELBERGER G.E.S.M.B.H,181704-13780,1,99030301,SECTION 122 - 10% DUTY,TEUFELBERGER GMBH,6/07/2026,6/07/2026,5/22/2026,Vessel Container,25111.7,AT,3920620090,,,,,,,PLAST FLAT POLYETHYLENE TEREP,,,,,,
4539363,02321733',VISUAL CREATIONS  INC.,20-461602300,1,99038815,ARTICLE OF CHINA US NTE 20(R),FUJIAN ANTAI NEW ENERGY TECH CO LTD,6/07/2026,6/07/2026,6/07/2026,Air Non-container,6265.73,CN,99030306,99038209,8302423065,,,,,S122 EXCL IRN/STL/ALUM DERIV,COP  DER ALU & STL  NT16(C)(VI,OTH MNTNGS FR FURN IR/ST/AL/ZN,,,,
2615763,02322327',LHOIST NORTH AMERICA  INC.,52-212063700,1,99030308,S 122-EXCLUSION  MEXICO USMCA,DISENOS DE MAQUINAS INDUSTRIALES   SA DE CV,6/07/2026,6/03/2026,6/01/2026,Truck Non-container,96619.43,MX,99038210,8431390010,,,,,,DER ALU & STL COL 1 < 15%NT16,MACHINERY PTS OF CONVEY/ELEV,,,,,
2566101,02322434',ROYAL INGREDIENTS GROUP BV,074601-00962,1,99030301,SECTION 122 - 10% DUTY,KROENER-STARKE BIO GMBH,6/07/2026,6/07/2026,5/27/2026,Vessel Container,86211,DE,1109009010,,,,,,,WHEAT GLUTEN OTH CERT ORGANIC,,,,,,
4539405,02322616',FPG USA LLC DBA FOOD PHYSICS,84-461929600,1,99030306,S122 EXCL IRN/STL/ALUM DERIV,ELEA VERTRIEBS UND VERMARKTUNGS GMBH,6/07/2026,6/05/2026,6/05/2026,Air Non-container,18261.24,DE,99038202,7220206005,,,,,,ALU  STL  COP DER ALU  DER STL,STEEL HIGH-NI ALLOY.F-R >1,,,,,
4539405,02322616',FPG USA LLC DBA FOOD PHYSICS,84-461929600,2,99030306,S122 EXCL IRN/STL/ALUM DERIV,ELEA VERTRIEBS UND VERMARKTUNGS GMBH,6/07/2026,6/05/2026,6/05/2026,Air Non-container,62.28,DE,99038202,7318154000,,,,,,ALU  STL  COP DER ALU  DER STL,MACHINE SCREWS>=9.5LONG&3.2DIA,,,,,
4539405,02322616',FPG USA LLC DBA FOOD PHYSICS,84-461929600,3,99030306,S122 EXCL IRN/STL/ALUM DERIV,ELEA VERTRIEBS UND VERMARKTUNGS GMBH,6/07/2026,6/05/2026,6/05/2026,Air Non-container,199.46,DE,99038202,7318158069,,,,,,ALU  STL  COP DER ALU  DER STL,OTHER HEX SCREWS:THR DIA >=6MM,,,,,
4539405,02322616',FPG USA LLC DBA FOOD PHYSICS,84-461929600,4,99030301,SECTION 122 - 10% DUTY,ELEA VERTRIEBS UND VERMARKTUNGS GMBH,6/07/2026,6/05/2026,6/05/2026,Air Non-container,1494.57,DE,8536308000,,,,,,,OTH APPARATUS PROTECTING C,,,,,,
4539405,02322616',FPG USA LLC DBA FOOD PHYSICS,84-461929600,5,99030306,S122 EXCL IRN/STL/ALUM DERIV,ELEA VERTRIEBS UND VERMARKTUNGS GMBH,6/07/2026,6/05/2026,6/05/2026,Air Non-container,5141.53,DE,99038202,7220900015,,,,,,ALU  STL  COP DER ALU  DER STL,STEEL ST:0.5-24% NICKEL OT,,,,,
4539405,02322616',FPG USA LLC DBA FOOD PHYSICS,84-461929600,6,99030301,SECTION 122 - 10% DUTY,ELEA VERTRIEBS UND VERMARKTUNGS GMBH,6/07/2026,6/05/2026,6/05/2026,Air Non-container,33668.11,DE,99037411,99039406,8537108000,,,,,MED/HVY PRTS  NT38 (1) ALL CT,CLS UN NT33(G/H)USMCA SB (P),TOUCH SENSITIVE DEV W/O DI,,,,
4539405,02322616',FPG USA LLC DBA FOOD PHYSICS,84-461929600,7,99030301,SECTION 122 - 10% DUTY,ELEA VERTRIEBS UND VERMARKTUNGS GMBH,6/07/2026,6/05/2026,6/05/2026,Air Non-container,49169.5,DE,8438909090,,,,,,,MACH PTS OTH U/IN PREP OF FOOD,,,,,,
4539405,02322616',FPG USA LLC DBA FOOD PHYSICS,84-461929600,8,99030301,SECTION 122 - 10% DUTY,ELEA VERTRIEBS UND VERMARKTUNGS GMBH,6/07/2026,6/05/2026,6/05/2026,Air Non-container,1095.68,DE,8438909090,,,,,,,MACH PTS OTH U/IN PREP OF FOOD,,,,,,
4539406,02322632',EISENMANN OF SOUTH CAROLINA INC,86-240963300,1,99030301,SECTION 122 - 10% DUTY,EISENMANN GMBH,6/07/2026,6/06/2026,6/06/2026,Air Non-container,15609.81,DE,99038201,8424909080,,,,,,DOES NOT CONT ANY ALU  STL CPP,MECH APP FOR PROJ ETC  PTS,,,,,
2615766,02322673',IN 2 FOOD GOURMET LLC,26-458152400,1,99030307,S 122-EXCLUSION  CANADA USMCA,AGM BAKERY,6/07/2026,6/04/2026,6/04/2026,Truck Non-container,15208.52,XO,1905901041,,,,,,,FROZEN PASTRY CAKES BISC PUDD.,,,,,,
2615766,02322673',IN 2 FOOD GOURMET LLC,26-458152400,2,99030307,S 122-EXCLUSION  CANADA USMCA,AGM BAKERY,6/07/2026,6/04/2026,6/04/2026,Truck Non-container,811.12,XO,1905901041,,,,,,,FROZEN PASTRY CAKES BISC PUDD.,,,,,,
2615766,02322673',IN 2 FOOD GOURMET LLC,26-458152400,3,99030307,S 122-EXCLUSION  CANADA USMCA,AGM BAKERY,6/07/2026,6/04/2026,6/04/2026,Truck Non-container,811.12,XO,1905901041,,,,,,,FROZEN PASTRY CAKES BISC PUDD.,,,,,,
2615766,02322673',IN 2 FOOD GOURMET LLC,26-458152400,4,99030307,S 122-EXCLUSION  CANADA USMCA,AGM BAKERY,6/07/2026,6/04/2026,6/04/2026,Truck Non-container,405.56,XO,1905901041,,,,,,,FROZEN PASTRY CAKES BISC PUDD.,,,,,,
2615766,02322673',IN 2 FOOD GOURMET LLC,26-458152400,5,99030307,S 122-EXCLUSION  CANADA USMCA,AGM BAKERY,6/07/2026,6/04/2026,6/04/2026,Truck Non-container,811.12,XO,1905901041,,,,,,,FROZEN PASTRY CAKES BISC PUDD.,,,,,,
2615766,02322673',IN 2 FOOD GOURMET LLC,26-458152400,6,99030307,S 122-EXCLUSION  CANADA USMCA,AGM BAKERY,6/07/2026,6/04/2026,6/04/2026,Truck Non-container,405.56,XO,1905901041,,,,,,,FROZEN PASTRY CAKES BISC PUDD.,,,,,,
4539395,02323325',HERMA US INC,61-178066000,1,99030301,SECTION 122 - 10% DUTY,HERMA UK LTD,6/07/2026,6/07/2026,6/07/2026,Air Non-container,372230,DE,8422309120,,,,,,,LABELING MACHINES,,,,,,
4539377,02323333',KD GLOBAL DISTRIBUTION LLC,85-097303800,1,99030301,SECTION 122 - 10% DUTY,GEBR. SCHRODER GMBH,6/07/2026,6/06/2026,6/06/2026,Air Non-container,22591.5,DE,8201500000,,,,,,,SECATEURS/ONE-HANDED PRUNE,,,,,,
4539436,02323390',CANTRELL GAINCO GROUP INC,31-151121700,1,99030301,SECTION 122 - 10% DUTY,O E CO LTD,6/07/2026,6/05/2026,6/05/2026,Air Non-container,2647.63,TW,8438909060,,,,,,,MACH PTS OTH PREP MEAT POULTRY,,,,,,