BROKERREFERENCE,ENTRYNUMBER,IMPORTERNAME,IMPORTERID,LINENUMBER,ENTRYLINEITEMNUMBER,HTS_NUMBER,HTS_DESCRIPTION,DESCRIPTION,MANUFACTURERNAME,ENTRYDATE,RELEASEDATE,ARRIVALDATE,DATEOFEXPORT,MODEOFTRANSPORT,ENTEREDVALUE,COUNTRYOFORIGIN,ADL1_HTS_NUMBER,ADL2_HTS_NUMBER,ADL3_HTS_NUMBER,ADL4_HTS_NUMBER,ADL5_HTS_NUMBER,ADL6_HTS_NUMBER,ADL7_HTS_NUMBER,ADL1_HTS_DESCRIPTION,ADL2_HTS_DESCRIPTION,ADL3_HTS_DESCRIPTION,ADL4_HTS_DESCRIPTION,ADL5_HTS_DESCRIPTION,ADL6_HTS_DESCRIPTION,ADL7_HTS_DESCRIPTION
2567036,02338240',WESTERN PLASTICS INC,58-196103400,1,001,99038801,ARTICLE OF CHINA US NTE 20(A),MECHANICAL STRETCHING MACHINES,HANGZHOU YOUNGSUN INTELLIGENT EQUIPMENT,9/30/2026,9/30/2026,9/30/2026,8/06/2026,Vessel Container,28920,CN,99030531,8422409170,,,,,,PRDTS OF CHINA  NOTE 52,MACHINES FOR WRAPPING,,,,,
2567036,02338240',WESTERN PLASTICS INC,58-196103400,2,002,99038801,ARTICLE OF CHINA US NTE 20(A),POWER STRETCH,HANGZHOU YOUNGSUN INTELLIGENT EQUIPMENT,9/30/2026,9/30/2026,9/30/2026,8/06/2026,Vessel Container,2400,CN,99030531,8505200000,,,,,,PRDTS OF CHINA  NOTE 52,ELECMAGN COUPLNGS CLUTCH B,,,,,
2567036,02338240',WESTERN PLASTICS INC,58-196103400,3,003,99038801,ARTICLE OF CHINA US NTE 20(A),TENSION BLOCK,HANGZHOU YOUNGSUN INTELLIGENT EQUIPMENT,9/30/2026,9/30/2026,9/30/2026,8/06/2026,Vessel Container,60,CN,99030531,8422909160,,,,,,PRDTS OF CHINA  NOTE 52,MACH PTS F/OTH WRAP/PACK M,,,,,
2567036,02338240',WESTERN PLASTICS INC,58-196103400,4,004,99038801,ARTICLE OF CHINA US NTE 20(A),SCREW FIXED BLOCK,HANGZHOU YOUNGSUN INTELLIGENT EQUIPMENT,9/30/2026,9/30/2026,9/30/2026,8/06/2026,Vessel Container,56,CN,99030531,8422909160,,,,,,PRDTS OF CHINA  NOTE 52,MACH PTS F/OTH WRAP/PACK M,,,,,
2567036,02338240',WESTERN PLASTICS INC,58-196103400,5,005,99038803,ARTICLE OF CHINA US NTE 20(F),FASTENING SCREW,HANGZHOU YOUNGSUN INTELLIGENT EQUIPMENT,9/30/2026,9/30/2026,9/30/2026,8/06/2026,Vessel Container,32,CN,99030590,99038202,7318190000,,,,,ARTS ALU STL COP DER ALU  DER,ALU  STL  COP DER ALU  DER STL,OTHER THREADED ARTICLES: I/S,,,,
2567319,02342259',MALLAGHAN (GA) INC.,36-488102800,1,001,99030590,ARTS ALU STL COP DER ALU  DER,MALLAGHAN BELT LOADER,MALLAGHAN ENGINEERING  LTD,10/01/2026,10/01/2026,10/01/2026,8/30/2026,Vessel Container,73483.32,GB,99038222,8427208020,,,,,,DER STL NT16(C)(XI)  AR  EC,SELF PROP TRK NT RDR AER W,,,,,
2567608,02345450',EISENMANN OF SOUTH CAROLINA INC,86-240963300,1,001,99030539,PRDT OF MEMBER STATE OF THE EU,PAINT APPLICATION LINE,EISENMANN GMBH,10/01/2026,10/01/2026,10/01/2026,9/19/2026,Vessel Container,230739.37,DE,99038201,8424909080,,,,,,DOES NOT CONTAIN ANY ALU  STL,MECH APP FOR PROJ ETC  PTS,,,,,
2567608,02345450',EISENMANN OF SOUTH CAROLINA INC,86-240963300,2,002,99030539,PRDT OF MEMBER STATE OF THE EU,PAINT APPLICATION LINE,EISENMANN GMBH,10/01/2026,10/01/2026,10/01/2026,9/19/2026,Vessel Container,127399.59,PL,99038201,8424909080,,,,,,DOES NOT CONTAIN ANY ALU  STL,MECH APP FOR PROJ ETC  PTS,,,,,
2567539,02346599',BORGERS USA CORP,65-117296500,1,001,99030590,ARTS ALU STL COP DER ALU  DER,AUTO PARTS,AUTONEUM CZ S.R.O.,10/01/2026,10/01/2026,10/01/2026,9/19/2026,Vessel Container,51096.53,CZ,99039453,99037411,8708295190,,,,,PASS VEH  LT TRKS NT33 SBDV(M),MED/HVY PRTS  NT38 (1) ALL CT,BODY PART ACCESS OTHER  OTHER,,,,
2567539,02346599',BORGERS USA CORP,65-117296500,1,002,99030590,ARTS ALU STL COP DER ALU  DER,AUTO PARTS,AUTONEUM CZ S.R.O.,10/01/2026,10/01/2026,10/01/2026,9/19/2026,Vessel Container,51096.53,CZ,99039453,99037411,8708295190,,,,,PASS VEH  LT TRKS NT33 SBDV(M),MED/HVY PRTS  NT38 (1) ALL CT,BODY PART ACCESS OTHER  OTHER,,,,
2567539,02346599',BORGERS USA CORP,65-117296500,1,003,99030590,ARTS ALU STL COP DER ALU  DER,AUTO PARTS,AUTONEUM CZ S.R.O.,10/01/2026,10/01/2026,10/01/2026,9/19/2026,Vessel Container,45419.13,CZ,99039453,99037411,8708295190,,,,,PASS VEH  LT TRKS NT33 SBDV(M),MED/HVY PRTS  NT38 (1) ALL CT,BODY PART ACCESS OTHER  OTHER,,,,
